f1,f2,f3,y
-0.7865396486093845,0.9160183243846853,3.621204936854104,17.31948503566114
0.9147628024646104,0.6657410566853968,-13.665635751179849,-67.41341595343464
-0.19663951976975824,0.8821114365444965,9.935074615985117,49.478733560155824
1.1385600863873457,0.8912877821279652,-0.6728809639145164,-2.225844733185236
0.3804722118951594,0.21109419608254332,-1.487712850076096,-7.058092038485321
0.040462032256547945,0.33177214992805837,-15.961679124019156,-79.76793358783924
-0.3573429749442559,0.6585810102811952,2.842066536628896,13.852989708200223
-1.7956434598387614,0.9649995827947863,-11.996231447901678,-61.776800699347156
0.4904130776571715,0.8908070504246668,2.415696049298203,12.568893324148187
0.5616281505914986,0.32275582993135643,14.365368246670652,72.38846938394477
1.1565634605785866,0.27619124056773414,22.788445323754914,115.09879007935315
0.09577377491636577,0.32680214124168216,-4.908097071062937,-24.444711580398316
-0.2599833862316386,0.26219689702047677,7.000590797441535,34.74297060097604
0.05144751777502799,0.749746038556885,11.425901858514814,57.1809568103491
-0.12201262607026933,0.4031084694329854,-7.91964852180322,-39.72025523508637
0.23563231293221307,0.5932352014906556,-2.3504218694955608,-11.516477034545591
0.057837707116020216,0.036436867198496814,9.64469623122051,48.281318863218566
-0.6305776946480213,0.1447350397222572,-12.814817892807902,-64.70466715868753
-1.153481210296869,0.37563607285867684,-15.906651769047738,-80.68674005553557
-0.5023326330187474,0.18896076134210027,-4.676370376326187,-23.88418451464968
1.263037585841212,0.3335836697432045,-11.311301056236301,-55.2934676953403
1.0401979444926104,0.03484777025590313,31.415747814274425,158.11893701586473
2.6659645657684075,0.6310424708214539,13.689975335855715,71.11584124504698
0.5570945120749408,0.8376503329270625,-9.475095074711234,-46.81838086148123
0.48508507096639714,0.3893428171880168,-5.248061810348694,-25.75522398077707
-0.41330294699109926,0.08763169804811699,2.0587784166428653,9.880589136223229
-0.8427230550520859,0.829729744686262,-16.772968350508197,-84.70756480759307
-1.0641080400792555,0.5016241055151542,-14.278215100049106,-72.4551835403248
0.1764310729941247,0.022333640205044136,-8.639180453484215,-43.01947119442695
-0.4970825216680952,0.03204060535956477,-3.9403248224468586,-20.198706633902386
-0.2754295588343622,0.010492652713774642,4.187198405968753,20.660562471009406
-1.7960096131385794,0.3772679151420978,-10.373114110350556,-53.66158016489136
1.4369913910623269,0.3168538140307485,15.354308250601749,78.20853264407107
0.06317854481372548,0.4030315481841211,-0.2680463882715443,-1.277053396543996
0.6540590569837813,0.17776680380435794,1.87689279227936,10.03852301838058
-0.420700778074858,0.8211326854077691,4.737083439886007,23.264716421355175
0.5170148866975169,0.4736819456333812,1.081885412645841,5.926441949926722
-0.9611257309757382,0.12555525882457885,-19.956501776344687,-100.74363461269917
0.011047567030733743,0.9758554478660597,2.6973226911514354,13.49766102278791
-0.2773842196552223,0.5487348577190064,-13.207238073052906,-66.31357458491975
0.8126810651271463,0.2830323622809535,8.069832231186329,41.161842221058784
-0.35476065020690534,0.08805231515788658,-16.19095428116965,-81.30953205605515
0.777111092195426,0.48827983544659825,3.7789496174350203,19.67185917937053
0.7611075185127707,0.48668257500120105,8.355139371844274,42.53680437773414
-0.3282745589415217,0.3480838391265544,5.463183329817792,26.987642090147435
2.7404147407896313,0.7791430842820565,15.377179107511388,79.62631027834657
-1.0279540515651602,0.24137257127682055,-4.751423339670274,-24.78507074991653
-0.1350704135130116,0.4836896646903336,-16.438527879835377,-82.32770981268989
-3.3142020301133877,0.26944024660736965,-12.094031040680608,-63.784357233516424
1.191936240467483,0.9755416956097542,9.638803109565886,49.385951788296914
0.9510014234854829,0.5498936928794832,6.405347262734866,32.97773773715981
1.024807282423205,0.9754219604892758,-2.3708879319151306,-10.829632377152448
-0.5205169396404675,0.5462300266105524,4.77273507551647,23.343158437941884
0.5894299862302919,0.5196572082197758,-0.9995865323935242,-4.408502675737329
-0.32359610139367717,0.9137908549548694,-1.4502046223678962,-7.574619213233158
-0.8883035343917067,0.7660159420163444,5.307649410831378,25.649943519765184
-1.4699975315032299,0.5922243267311319,-7.7546503290421365,-40.24324917671392
1.025158147879021,0.5860400735580794,13.3046365173421,67.54834073458953
0.05645929123277643,0.11999704093524621,11.948388927783101,59.79840393014828
1.9038622969294898,0.8320151749666916,11.389141113036745,58.84956786211321
0.5709864264244908,0.9464023345862806,1.0430388334620375,5.786180593734678
0.4267665333354028,0.4834790600511675,-5.410927153970202,-26.627869236515608
0.10279865631721553,0.745345690607618,7.972400622960462,39.964801771119525
1.273821905746682,0.38974619564406865,-8.74672522382323,-42.45980421336947
1.140818569869516,0.8585937668612591,-20.32474237605966,-100.48289331042879
1.5722863218009306,0.26047270504678666,-10.058803191533265,-48.721729635865394
-0.7780855022656433,0.9714162058076719,6.771515077417517,33.07948988482194
-0.7633018186228668,0.03726479926394566,1.2138814919930088,5.306105641342177
-0.4820118917191644,0.7096836352197744,-6.733792558384929,-34.15097468364381
-0.7253937182562764,0.251826061956928,-15.04544518543247,-75.95261964541862
-0.1899529565588027,0.13254254292617818,-0.49210486643635204,-2.650477288740563
0.19798594799641597,0.5144142935018756,9.454123684253739,47.46860436926511
-0.6417504704551253,0.8958427407069763,-2.2030439734671887,-11.65697033779107
0.1849686909211115,0.9514948801430626,2.6160738880078744,13.265338130960485
0.21242639117582832,0.734400459848132,-4.376965829668443,-21.672402757166385
-0.0177406108799586,0.0712761795379937,-1.6781154675867784,-8.40831794881385
-0.04624098663721787,0.7212981395706288,5.414744490475795,27.027481465741754
0.8424167218004507,0.282758623938562,15.372285444575418,77.70384394467754
2.159572416574348,0.8609657758135922,2.229328466722354,13.306214750186118
2.0205604535311714,0.18176153183719246,8.062443137239265,42.3327761397275
-1.003452800933024,0.7840914892661262,-0.41576010917840467,-3.0822533468250475
0.2155725892840036,0.38940971708190986,4.514970851444707,22.79042684650754
-0.13697437473331422,0.9435036594183175,8.13786057087515,40.55232847964243
0.18829751621191124,0.5827013751734466,-3.4697085722682335,-17.160245345129255
-0.3215785980115343,0.17032008437249602,1.8475228732535163,8.916035768256048
0.2901863242489163,0.5756203613334063,11.258636671202904,56.58336968026344
-0.5540795291491186,0.8533394826205049,2.180483216552487,10.348336553613315
-0.23400328553442976,0.9710201290699265,-5.137559155185242,-25.921799061460643
-0.1996790939664364,0.8579321331615746,-7.969348856748491,-40.04642337770889
0.7217075554736633,0.3704001448631875,4.565788888088285,23.55065199591509
1.312971973050982,0.7764744757431887,-1.6142633957038406,-6.758345005468221
-0.21303467511870647,0.03547328304562747,-9.773080248551064,-49.07843591787403
0.15790425904434766,0.2172044766660104,7.441661212929946,37.366210323694084
-0.5125044018898656,0.6894326926383817,-8.847182780071833,-44.74841830224903
-1.1183105303400729,0.3268054123586237,2.1997236620599834,9.880307779959844
0.1269165495255554,0.10348500197527832,5.622449659434022,28.239164846695665
0.16634663600099991,0.9750991491183408,-9.435189918901774,-47.00960295850786
0.5836413358301136,0.31536531874671103,8.129725832587221,41.23227049876622
-0.6589205546689124,0.6574861591187319,3.936664085066905,19.02439987066561
1.3353114701791666,0.08986700665529679,6.300579012882835,32.83820653459334
0.6350668498034038,0.002700554157157531,11.63341737193204,58.8021537094636
0.3909974150877727,0.1328918205058891,8.61035468530697,43.442770841622625
-0.39348888267500215,0.45178924460904424,4.126769403409487,20.240358134372432
0.4966482357599448,0.09650670571786368,-19.87687949082569,-98.8877492183685
-0.7662650540910275,0.5312366205996811,-15.009748200289666,-75.81500605553936
-0.15778973481004968,0.9752253862627206,13.73288921432064,68.50665633679314
0.7970016621314774,0.6460867921934393,1.7569165626951464,9.581584475607208
0.6563605155066332,0.5848662395641845,-10.37063889357442,-51.196833952365466
-0.4531424283216326,0.009818345671554374,-15.160007543530359,-76.25318014597342
-0.2424179190582859,0.9338618413453383,6.135443188905597,30.4347980254697
-1.6664039065397516,0.6733767477104547,-18.98750180211498,-96.60391291711466
0.9524445177320823,0.9709248333535985,-2.5481762773229804,-11.788436868882819
0.6363190566111696,0.006120003458992884,1.829716084006187,9.784899476642105
-0.33391559077743477,0.3709461764870934,0.0807759959580816,0.06996438901297325
0.8738429758704899,0.18954068897930842,1.8302103813540556,10.024894882640767
-1.5350118043443228,0.6319330145674014,1.6337749551936476,6.633862971623915
0.14894634219235814,0.18360716231897778,7.514495219273966,37.72142243856219
0.5547556446877537,0.5646451243071258,6.301623293299876,32.06287211118713
-1.921241715470519,0.741909638736421,-14.892439658839333,-76.38344000966718
2.3618276514726375,0.8065342367098658,10.540432389960072,55.063989601273
1.834716280172711,0.037432659494214704,14.603547601441566,74.85245428738054
-0.04722388366315082,0.4557471270751997,3.816342052355843,19.034486378116064
0.8246010423866296,0.1299455568764486,4.912082225425093,25.38501216951209
1.2725325174045516,0.2243988404852436,3.299215711302966,17.768611073919384
-0.27767552352870034,0.34900344615265466,-14.627668830488279,-73.41601967597009
0.4236779011175752,0.37414963519091815,0.5205431856003764,3.026393829119457
0.8946060874987868,0.39022860227142,-3.190929251128207,-15.060040168142248
0.3804464345037078,0.6461438807488432,21.172600506771296,106.24344896836018
-0.6719750143253614,0.8538604895328127,5.37136365865062,26.184843278927737
1.1880566575792912,0.9928628915428916,3.151730621063261,16.946709762895598
-1.155046124823606,0.6361104096557174,-9.206143927716687,-47.18576576340704
0.5274316477715817,0.06797055215303405,9.975729224188328,50.40607776871322
0.4950432192925731,0.4465975902259579,15.402450171662633,77.50729407760574
-1.3957654839285947,0.618504589693655,-9.811734604380487,-50.45443850583103
1.5786510844588424,0.11628621150352914,9.353303810408082,48.34517013649925
-0.6857319842546447,0.9688662166186884,-15.717094855796134,-79.27120626323531
-0.5090348211542819,0.6222314727423928,-12.51574322071837,-63.08775092474613
0.7098837503994757,0.39692366864805306,-15.766692760959259,-78.12358005439683
-0.44237041752257017,0.9663200494595945,4.770856603580146,23.41191260037816
0.13824367895166606,0.942609676488198,22.44451555011784,112.36082142954086
-0.7650489533826761,0.2705747104292926,2.6516310630056283,12.493106361645465
0.11326543892280601,0.6805821049830182,-11.076800610059315,-55.27073761137377
-1.2285800537193956,0.9970117135809404,-2.037797945323664,-11.417569780337717
-0.8773949383720278,0.13040333496494572,13.469565365650233,66.47043188987914
2.4079162295086403,0.6837838514552971,23.066545762541374,117.74064504221552
-0.15145140532643991,0.40851496511804064,-5.950965765884316,-29.90628023474802
1.718071727554252,0.0252218269542116,11.75250294116747,60.48058643339161
-0.6859055347547953,0.8279861795383149,2.4231538833626214,11.429863882058312
1.1447115980269351,0.6089458529649443,0.8922809764885002,5.606116480469437
0.8006485327632193,0.30512692672981634,5.573120784438878,28.666252454957608
-0.06669623388783173,0.18379812057663192,2.3224252375586683,11.54542995390551
0.1507078254924805,0.7494587698765112,-11.6748123655045,-58.22335400203002
0.0406294062420292,0.17102956030200156,-9.756183251364398,-48.74028685057996
-0.08127050968117851,0.12655528641096025,3.129692475604628,15.567191868341961
0.9963061671732617,0.0036129436306889806,-4.725548000233905,-22.631433833996265
-0.5473974142341886,0.13857582134340984,-8.486394294472547,-42.97936888659692
1.1717656092885034,0.05146383079284478,3.491426518240218,18.628898200489594
-2.1820691261643743,0.6802862146675198,-10.773966412140537,-56.051901186867056
2.0639353348223493,0.7119676572173195,7.858918939455533,41.35853003210001
1.0701935563045775,0.9217594061316553,-6.834442069861759,-33.10201679300422
-0.04586206601543564,0.7845671218565872,-16.522847421168642,-82.66009917185865
0.22849693054262868,0.7497569314778725,5.225453982427808,26.35576684268167
0.9523483783776501,0.38985621428331174,15.546617024764316,78.68543350219923
-0.9853016654840278,0.028513558624780888,3.8928511844476112,18.47895425675403
-0.7657865811542213,0.07968116599269703,-14.73193534950056,-74.42546332865702
-0.9234052946655605,0.9178022573282048,-10.640953423026607,-54.1281724097986
-0.6395349976660396,0.7802409448226282,-13.009594292467945,-65.68750646000575
-1.2012005012960634,0.6121103756491568,22.641799093902126,112.00779496821457
-0.3452755604920513,0.3222958998932943,-8.127776793985324,-40.98415953041867
0.09544663318653544,0.5649726075389586,1.2817033879305837,6.503963572839454
-1.5793274753980495,0.7576108083161559,-6.574034493122367,-34.44949994100989
-0.4245021649246874,0.14813159641330242,-17.774553642216656,-89.29727037600797
0.45970981065427274,0.1179292623535475,13.587681274699923,68.39811618415389
0.7697302829702166,0.8656728042620491,2.277400550057654,12.156733033258488
-1.1609440876194657,0.1363090732462361,-3.712997808324758,-19.725933129243256
-1.4994999862200933,0.6942664234489316,-10.839605684737245,-55.69752840990632
-0.8014649748186446,0.07348651031289721,4.037035835221722,19.38371420128997
0.0429485973284409,0.3749945353836943,2.4792028729812294,12.438962962234587
0.008807439867170369,0.7292636676828312,-1.2825015816937033,-6.403700468601346
0.08135734748420591,0.9524358140719053,-5.364829186103876,-26.74278858303517
-0.34209430905556604,0.3314729712228466,-25.825849797005514,-129.47134329408314
1.3367172039684572,0.11907069379564772,-2.076921322289216,-9.047889407477625
0.010126204389591038,0.9007821322606095,-8.697994902057772,-43.47984830589927
1.1496420560596976,0.19240822468980645,9.942498370360614,50.86213390786276
-0.8674142788605984,0.8449153252800233,-19.720364376182662,-99.4692361597739
0.39248946037555665,0.9472548129963791,2.01925941778731,10.488786549312106
-0.6750822623568768,0.6100545045840352,-14.341775708870024,-72.383960806707
-1.7857373698843328,0.2506691599098144,-3.389721988902213,-18.7343473143954
-0.22617191746832774,0.7368569906422715,5.754136791591423,28.54451204048879
0.10070139842422003,0.3931917132449414,0.01752303876956951,0.1883165922720676
0.1325296621871112,0.7829448875510258,-5.674089479097182,-28.2379177332988
1.634450237818137,0.049606798335793734,24.691467120362194,125.09178583962911
-1.3014270984739922,0.38415223118764974,-14.324187953276063,-72.92236686485431
0.08774965796887932,0.920521242048251,8.087761215994195,40.52655573793985
-1.4398142545428034,0.4147496284119362,-1.9736419027929308,-11.308023768507457
0.11606164628685056,0.29564038544154647,11.940825603240826,59.82018966249098
0.6834689878338824,0.32617951639636655,-2.4678694124710567,-11.655878074521402
-0.4513622424757793,0.5569545432828361,2.8741455835380023,13.919365675214232
0.4159815812818908,0.24033133680479013,1.5927306922071447,8.379635042317615
1.5537436849563206,0.9592555631666199,-4.714303378731067,-22.017773208699015
-2.3084934563589954,0.45295464534910423,-9.877519246119808,-51.69608968695804
-0.41500058225830605,0.5388656841422265,2.7501943889421923,13.335971362452655
1.326153989266345,0.09596944152937636,27.412114920917276,138.38672859385272
0.7206783628790195,0.008212162212115404,3.440119699564194,17.92127686069999
-0.017703788156903308,0.3125907791521697,6.672390761057677,33.344250017131486
0.040419055710002226,0.31727429409930763,17.039578788497398,85.23831299819699
0.24020320875342566,0.10067605745879671,11.869099330548503,59.58569986149594
0.542339145580362,0.38839485276137875,7.2569686455426705,36.82718237329372
-0.9228791844472642,0.4254784775731739,-4.342634855234927,-22.6360534606219
1.36623595865466,0.8990783072946973,-0.37540938824079184,-0.5108109825492992
-0.665204166871582,0.7886720832063344,-1.1299160056669062,-6.314784195206114
1.166526580611475,0.4729942093345032,13.274238843670915,67.53772079896605
1.0797483565216544,0.6192873691045224,-9.328210366023615,-45.56130347359642
-1.3443103343770466,0.3825772943201621,-19.007830511247796,-96.38346289061602
-1.5794610164710654,0.5779806415006674,-19.59453536514389,-99.55213784219052
0.7339405964332598,0.9369800532474195,1.4999460740041344,8.233670966453932
-2.0485584874677745,0.7576222457751199,-16.474709442071024,-84.4221056978229
1.5019825804989746,0.4948757816535546,21.441301125916226,108.7084882100801
-1.035070413943558,0.17331923199372068,-17.840536118218722,-90.23775100503717
-0.8730608008589351,0.7706371898349943,9.339427029952017,45.82407434890115
0.7236325654835489,0.6671278499434334,-9.553447728621059,-47.043606077621746
1.0845382019527705,0.34515729114574745,-1.2225983274776357,-5.0284534354354085
-0.7927743113226944,0.8437088138342288,-2.812309203066605,-14.854320326655717
-1.0546914231329123,0.19663884844019064,-7.03732708701181,-36.24132685819196
-0.23247721766775933,0.06967838347102173,13.55343369493686,67.53469125701653
-2.600548006153535,0.47829526628424435,-29.94116102015888,-152.30635310694794
-0.36493559805016024,0.39726248318561985,-14.83752207137593,-74.55254595492983
-1.0865610587254324,0.062334039735457814,-28.906331168841213,-145.6182169029315
-0.13041884077887278,0.7480912167105199,-4.512694172642883,-22.693889703993285
-2.2128952161719417,0.2206698302850646,-19.03104175774939,-97.36810400491889
0.2632983597482001,0.7099850896763962,2.842921058459985,14.477903652048125
1.467522380365433,0.574966441895098,0.16663493194479617,2.300697040089414
0.42517247999937735,0.6522701417633067,-11.071642505260247,-54.933040046301855
0.43974016323414655,0.5777734199074452,12.258925850224413,61.734369414356216
0.017153959607787067,0.036172417076000385,14.207822959188793,71.05626875555174
1.0484430761852346,0.6391094677809918,5.675149366595833,29.424189909164397
-0.19464762185365064,0.20828805990850707,19.53148671541918,97.46278595524225
-0.8050827413608931,0.7845259211029944,-11.97495112823585,-60.67983838254014
-2.7376589043082915,0.4683210311832642,-15.346142720974594,-79.46837250918126
-0.8258761380866796,0.628706288565107,-15.939440708168526,-80.5230796789293
2.2594867089498547,0.03889839157392916,-0.12620837188340772,1.628444849532816
1.7167678477785264,0.33119830346839774,-6.827149061710811,-32.41897746077553
1.1620237882602689,0.2063085580168581,2.4699260003907426,13.511653790213982
0.12298555167346129,0.26256399613205494,6.423729297097033,32.241632037158624
-0.5613255670118845,0.8364898689244541,-12.418681830117269,-62.654734717598224
0.7905404479210573,0.9315731685712109,1.0061283680728428,5.8211822882852715
0.2884254540404892,0.8653727555219413,2.6155847517048647,13.366349212564813
0.800383490862269,0.7763098250478973,12.191767554396973,61.759221262847134
0.50333027071253,0.26335213016715653,-13.681292910746368,-67.90313428301931
0.14264057356428925,0.8638260110039889,-3.8920955118959326,-19.317836985915374
0.26749451088198495,0.766416388940536,9.659010946747058,48.56254924461728
1.717344732875255,0.004673962590692304,15.246472747136641,77.94970846855847
0.8634986940445547,0.19676009052111454,-9.221374323137754,-45.243372921644216
0.4184400121639564,0.012590921078243333,2.524980940788976,13.043344716108834
0.6651643719297885,0.347506681194074,-10.144114204986735,-50.055406653003885
-0.47421416455203275,0.43051279306107093,-4.446645213545642,-22.707440232280245
0.20683433805110926,0.7198361218309134,3.828513480876151,19.349401742431866
0.6089625946231386,0.9626252488823038,2.276816398857505,11.993044588910664
-0.6157133666621912,0.04955861477524959,7.29860851090066,35.87732918784111
-0.5432920090938939,0.15056008627282524,3.445349065861348,16.68345332021285
-0.13748801262554117,0.7400863912550785,13.313741258866216,66.43121828170554
-1.5879165930332932,0.008504015019605515,-13.989953427323645,-71.53768372965152
-1.6905969011776794,0.054584631636472536,-13.968389072982227,-71.53254226608883
-0.29307952091788725,0.7448365579050934,16.13131412486621,80.36349110341317
1.3446605895356636,0.9193367647696982,15.097885607126425,76.8340886251678
-0.33165185701282074,0.6409683240517667,-11.334033828737617,-57.00182100070091
0.8060014825116463,0.9668028270963828,2.1693349679636262,11.652676322329778
1.0268119920483219,0.7304012568859279,7.829852475366199,40.17607436887931
-1.6530884328995223,0.45336480458698913,-14.700158844908142,-75.15388265744023
-0.4045431545254044,0.175136090853227,11.91814900634148,59.18620187718199
0.8830802176412348,0.18694034905677437,-14.001069706644454,-69.12226831558104
-1.8218194489097692,0.09088370685912928,-6.791660391671666,-35.780121407268105
1.029054129475658,0.6862342869881471,12.569681132763712,63.87745979329422
-0.7957268113165171,0.16189897040608303,-5.993759916305789,-30.764526392845465
-0.38273646803649447,0.08004319377234703,-6.2750113570229,-31.757793253150997
0.379264948378645,0.07678141455502208,-1.5767207550202125,-7.504338826722417
1.4636139004715323,0.2615828433461086,11.96909081013052,61.309067951124135
0.410034964663158,0.7468482612513702,10.202983602892736,51.42495297912684
0.2745682914878307,0.8308269489263805,10.042828520950266,50.48871089623916
1.5015979561357433,0.1269700022020408,7.879217294856149,40.89768443041649
0.4053869329938162,0.08207079654386051,18.19749483785306,91.39286112225912
-0.42024875314484755,0.15327840489259004,10.25206280445336,50.84006526912195
1.2728093243196366,0.919037289052044,8.960657044927217,46.07609454895572
-0.9553523850094584,0.1363749659398028,-0.3960882320419934,-2.9357935452194255
0.4084331628031239,0.1933705724554402,9.74208086899175,49.11883750776187
0.8989785979282402,0.7658280547460098,-4.879777164403912,-23.499907224091316
-0.7059191327110506,0.7766674799033874,1.9449157729111768,9.018659731844833
-0.5503181464392,0.5874090984792573,12.811192859928765,63.505646153204616
1.4220757727239255,0.5218424903123219,-2.1001164884028176,-9.078506669290164
-0.15672253700668531,0.966771027780227,-5.677732319401571,-28.54538413401454
0.5392598837074478,0.03433729767732541,9.68736845997655,48.9761021835902
1.9888006090369963,0.3913414934403878,17.75440677463163,90.76083448219515
-0.17695942773924167,0.6491108316037674,-3.016165740206813,-15.257788128773306
-1.4707360946787238,0.38549266219954825,-15.59405204364731,-79.44099631291527
0.12921013274611845,0.9273057014896179,4.817730634657003,24.21786330603113
0.27476561857983256,0.8076417515878928,14.914531011404511,74.8474206756024
0.5135153734553942,0.5628042511818863,4.576004816296147,23.393539454936132
-0.24345063251371818,0.8954632904456782,3.036301828631019,14.938058510641374
0.3481847095065421,0.7208562888553502,6.016314644622627,30.429757932619673
-0.1935723512226602,0.15845920248246514,5.525713263596319,27.434993966758935
-0.08246905654486332,0.0052932634324366346,2.5170106480728447,12.50258418381936
-2.095582134211604,0.6285722231576086,-8.21362762789783,-43.163720273700754
1.386353396026454,0.6932050424282516,-1.609500767150653,-6.661150439726811
-0.565822230783704,0.3911006089064474,6.252481711663188,30.696586327532238
0.7775463713283729,0.3922010643078372,12.827323681951139,64.91416478108407
0.4501402073879865,0.09075048668785635,14.733518479259814,74.11773260368706
-0.5592759878334863,0.6477253658696966,-12.068345347192222,-60.9010027237946
-1.6151829930144659,0.6724762373903361,-3.111796136243722,-17.174163674233075
0.04985679522891039,0.1675572407145085,-4.740219105721344,-23.651238733377813
0.9054839619259948,0.9618321689469846,1.4967572969890846,8.389270446871418
-0.1604519665652711,0.08745659711878051,3.7766061882177366,18.72257897452341
-1.213545053087581,0.3526460413097674,-10.328403436337519,-52.85556223477517
-0.2974576779555079,0.8027924067544513,-5.60811688619003,-28.338042108905654
-0.5095669910362088,0.015545961119732055,-2.8161570947005656,-14.590352464539038
0.5671000299144733,0.7544583192315613,8.649569526324328,43.81494766153611
-0.0432901043931015,0.46887245796425203,-6.067455042865323,-30.380565318719714
-0.7535769944529928,0.475231347700096,-15.688201647677067,-79.19458523283834
0.27624240954743745,0.09526371865681771,16.444918000456454,82.5008324118297
0.4730144143818048,0.23343992507029176,5.541932855446657,28.182678691615088
-0.39668024303759764,0.9718884998133364,8.219593609497576,40.70128780445028
-0.8815155389340436,0.28547789233172893,-12.106267695676733,-61.41285401731771
-0.5869510969741288,0.324418149039994,-3.6010597047702344,-18.592249620825303
-0.8010495596493146,0.7284743766172763,3.829722755228538,18.347564216493375
-0.9764774311779477,0.036676465350015675,-19.13855118958826,-96.66923337911925
-1.0529005115224788,0.10063579339605166,-16.842169759875034,-85.26374931089765
-1.4746161262076776,0.5700182200117335,0.5562926600002926,1.3068471737937857
-0.5043065143460481,0.2896176484415802,1.0592560255083652,4.791973613195777
1.1824366003212523,0.7525755561122082,16.063655880490426,81.50071600277339
-1.5378451416463181,0.1534022252611067,-0.24762426859655218,-2.775966484629079
-0.6566613943715929,0.1067370441344363,15.830877002823055,78.49772361974368
0.7130531321497321,0.1367465365480478,8.434155815296894,42.883832208634196
-1.6783774650401266,0.8800555439014893,1.939989105312863,8.021568061524189
1.7902721099251686,0.291419339123709,2.7468955726317956,15.524749973084148
0.5101569903496493,0.5709046266665204,20.88232915479243,104.92180276431179
-0.19476734834851675,0.7837707427211604,9.725604061479036,48.43325295904666
0.48438535020767204,0.2933501934050522,-5.353551666988032,-26.28337298473249
-1.6981200799115348,0.1388943372504916,8.83482910851152,42.47602546264607
-1.3845601661691653,0.40945435194387314,-7.707744689810435,-39.923283615221344
-0.35938082164860347,0.4799386374429562,-14.192189282674944,-71.32032723502331
-0.7224661780888857,0.8498977165685883,-5.575604865614329,-28.600490506160533
-0.7338352966601592,0.17493282188186243,4.569883534436367,22.115582375521676
0.5328508948499473,0.8946480718578245,2.4414196533786576,12.739949161743235
1.8688537273624468,0.11276616018747543,-0.4547208439264523,-0.40475049226981463
-2.1949535508849896,0.35333387092998403,-22.31355483054263,-113.76272770359813
-3.0338739628473865,0.06427621982783616,-14.59449153673749,-76.00633164653483
0.17479233234926927,0.8573633978926944,-1.7126493653625656,-8.388454494463558
0.19938746663223833,0.4848051741844046,0.14116127930411637,0.9051938631528202
-1.7511251240551695,0.09655980090495242,-16.222341073355867,-82.8628304908345
-0.13099162989153953,0.6205750563787948,-6.105867455647974,-30.66032890813141
0.5774283099477782,0.6123383317284105,-18.346614026567657,-91.15564182289052
-0.8568435101562651,0.4662903494840235,-6.69633013558188,-34.33849418806567
-1.589249385329654,0.9110883135766471,-7.047099058476394,-36.82474467771162
-1.268494925064959,0.785943523428829,-1.3669375701639224,-8.103182775884571
-0.3526345092707286,0.7296450497351037,-13.703792131981462,-68.87159516917804
-1.2203676086360986,0.8613620574509163,13.855397509327588,68.05661993800184
0.3908489496484305,0.3222645098194368,7.11576850691881,35.96969148424248
-0.819509005270349,0.9706637738123046,-8.142115786029372,-41.53008793541721
1.8389225525855863,0.00790559467129004,8.139483445056902,42.5363397778701
-1.7525355643871279,0.22490261383412147,-2.3999994146537036,-13.752532637655644
1.4252450025592849,0.929099530496484,0.8926437572228592,5.8884637886735804
0.24385014924759543,0.6557783785773138,-16.11484418973508,-80.33037079942781
0.08474570473603059,0.4479583055109343,-8.934671132191506,-44.5886099562215
0.8555598353498911,0.09956295280039551,8.037072909280575,41.04092438175277
-1.104900106640056,0.4123071754690465,7.748013548073469,37.635167633727285
-0.46146947232616503,0.6255718034931884,5.586910883999726,27.47308494767247
-1.2042648822059048,0.11081740676353646,-3.38059697125621,-18.107249738486953
-0.7817859295135451,0.8601846532082731,-6.178568508587757,-31.674628472452333
0.38069931001790785,0.12973993789227223,-7.295599851341548,-36.09729994668983
1.2753024478006636,0.7006386148721298,2.089614990690743,11.723377401254378
1.7608892920599064,0.23219018634635602,2.393281488551853,13.727296734819172
-0.6799869149853172,0.7579984127436885,-10.951771363312488,-55.438843731547756
0.6622011346121962,0.6153145483441884,2.6622078717267383,13.97324049324589
0.6411365820290622,0.7730624967350999,-1.1009133413971912,-4.863430124956894
-0.9322762017966363,0.7980685131901757,-0.11281567012058158,-1.496354552399544
0.5381920927675461,0.8780961867126233,18.168866170682247,91.38252294617878
-1.0249522491928094,0.8500987732195066,9.633499707173423,47.1425462866743
0.7843915486786179,0.48314752637482106,14.242217918529384,71.99548114132553
1.619127788512084,0.47325064885175483,10.806082205746726,55.64953881724571
-0.5500069476542394,0.32743760812877176,-9.957807788026381,-50.33904588778614
-1.2221060915091222,0.18513951943415652,-17.376239644173864,-88.10330431237844
-1.1000429383822752,0.016685284803251488,-11.39375843924148,-58.068835134589676
-1.129794828241801,0.041668494816071044,-5.052293400402772,-26.39126183025566
-1.4993339850836886,0.5771251226154255,-6.900737703210686,-36.00302250113712
-0.7226503733697516,0.3723439251994566,12.018225538661685,59.36847731993867
-1.83067858753694,0.6332648260904562,-5.307063783990028,-28.36599750748708
-1.8110320783855214,0.7369449383126088,-3.2251172819928904,-17.936618488349975
0.3452672427039369,0.7410617077305399,-0.7970000720805501,-3.639733117698814
1.0254671417816925,0.8275650456036066,3.3632181038618576,17.84155766109098
-1.3748478355636449,0.9295441105645368,-9.417602046401377,-48.46285806757053
-0.6725858753962816,0.13918195016330037,12.150474888685961,60.07978856803353
-0.2489412335530476,0.5026068224592337,-10.677173274782866,-53.63480760746738
-1.8338941460132032,0.03741208105814098,6.697978297455672,31.655997341265152
0.25518124176386464,0.05492824144323716,6.030464454634872,30.407503514938227
-0.42664954802340455,0.008685606449364114,-9.414892542784663,-47.50111226194672
-0.019085542567664558,0.6091014952230565,-2.864570119255831,-14.341936138846819
1.2853070261707906,0.11084447792416241,-2.9309285479728775,-13.369335713693596
0.18977277502415932,0.4475403435599006,1.8816190570102176,9.597868060075248
-0.160932196987495,0.8498253120918107,-4.8092159848723695,-24.207012121349344
1.1012368200195057,0.9649023427087088,1.6375708622885154,9.289091131462083
-2.3066111959967355,0.7504607585464177,-13.388322128085083,-69.24822183642215
0.5446698836102822,0.21339580615472153,-0.9026045051439215,-3.9683526421093256
1.0474320320906445,0.34383195297904723,7.185442810291351,36.9746460835474
1.284125766799668,0.36188917450316116,0.34025934661047064,2.985422499852021
-0.2786820564401382,0.6144524900834514,-2.929591777487284,-14.926640943876558
-1.892623290451695,0.24616309656640778,-6.469126780738984,-34.23825719414661
2.746873438782439,0.9700216628656463,6.608285670949476,35.78830179352982
-0.5703449517311215,0.7885805439381605,-2.682051719822581,-13.980603550844027
1.4057787158811734,0.24410333821146146,12.190380862968725,62.3576830307248
0.6312954306943556,0.6024462428816052,11.767689051211368,59.4697406867512
-0.8034114635372487,0.9034460692405245,2.5127270215451114,11.760223644188308
-1.9943136936176833,0.5314105866628527,-10.185759894742809,-52.92311316733173
0.1396871092267064,0.4241272780953974,-4.884068624567652,-24.280656013611555
-0.21051534159452348,0.8372957112164412,-11.160722271244554,-56.01412669781729
3.1121699159228324,0.06909110980638844,11.03718307681532,58.29808529999943
0.7781779272646379,0.76555115993438,14.715067322382001,74.35351453917464
0.2117493967067646,0.3684594489976386,10.93582785493275,54.89088867137052
-1.092369816465062,0.5384095155601245,-1.9400529552280457,-10.79263459260529
-0.4469799470773917,0.914116470704855,8.591552588104422,42.510782993444714
-1.551417076168953,0.3447314486490558,11.900006316965726,57.94861450865968
-0.24487678500565901,0.8128629454961216,-10.982495361869441,-55.15735359435286
0.8015849593235612,0.03323026121089212,-11.234823148903303,-55.37253078519295
-0.9809993031082331,0.5507544542077605,-9.854351737451523,-50.25275799036585
1.0801335085580246,0.3021394072903141,5.925782543008411,30.709046223600076
-0.44224121489577206,0.20827468708080898,-3.1682939370423333,-16.28371090010744
0.2027381597099363,0.5379292254909536,-14.027621226486085,-69.93536797272048
-1.1103997833538157,0.4692063165543554,-16.324153722824178,-82.7311683974747
-0.5662839581948895,0.35618745723897904,-6.685354274978652,-33.993055333088144
-0.6367279361890759,0.858699356450588,0.9823006959156393,4.27477554338912
-0.8704190573084595,0.39580909083881366,-0.08240642461463832,-1.282451180381651
0.35205114421302647,0.4364129197563664,-3.645061110188269,-17.873254406728318
1.0196999089402765,0.28864770727245403,17.77902328062082,89.91481631204438
-1.0773333711579878,0.4579901194228295,-3.7166934295682887,-19.66080051899943
-0.7246311229259895,0.8342183907250574,-5.0892528926295375,-26.170895586073676
0.11038402566359569,0.28164333153997567,18.709077296154483,93.655770506436
-0.0004673317192725725,0.04868974443790908,12.04388600645574,60.21896270055942
-1.0653378090124097,0.13856711322424975,-8.86968036938269,-45.413739655925866
-0.2747431229582186,0.9849669374496723,-8.207077984013493,-41.31013304302569
0.06270311188868977,0.20895186949177458,-2.061557270919826,-10.245083242710441
-0.27921697593692013,0.7983226428164482,-6.029015127403564,-30.42429261295474
0.5104352827766673,0.2370318041974585,12.062815272142663,60.824511643489984
-0.46498882850098816,0.9715835659910869,1.6920441567811855,7.9952319554049405
1.1845952374117832,0.34226352911014246,0.6704041848309599,4.536616161566583
0.28592321799109865,0.32465452227023217,9.964954648400274,50.11069645999247
1.437473318440054,0.7850685126058896,8.084571161892898,41.86032912790454
-0.289015692102637,0.5134123745593152,3.1761954395591503,15.591961505693114
-0.28458062646775567,0.5843487065832927,-5.099081490195951,-25.77998807744751
-2.07353262722248,0.9874414436528026,-16.712661876561107,-85.636842010028
1.3963805690349518,0.856718288018517,8.329128976477124,43.04202545142057
0.10065980726358063,0.2860954736934461,-12.217128854832447,-60.98498446689865
0.6368616545161703,0.06455495457866756,-12.913808849890005,-63.93218259493386
0.2572249257122904,0.193273376093967,6.29811132359788,31.747781543701688
-0.9080066897452739,0.012875437488926833,-5.187806528615794,-26.847039332824245
0.24864840827925083,0.07186971145676657,-9.365332056431477,-46.57801187387813
0.8992113655985867,0.7284854802597738,1.2156624990287743,6.977523860742458
-0.1524226547584923,0.3073802239247667,12.084622013476459,60.27068741262381
-0.6442280451128009,0.5783578657135343,14.266942560888833,70.69048475933137
2.3112298321896567,0.13180904113726188,-5.9273273054972115,-27.3254066952964
0.3965659399925427,0.31613757902239814,-2.5214607828403333,-12.210737974209122
0.671742631703706,0.4856859087056301,12.43689388055345,62.85621203447096
0.3569792338057052,0.996349144032242,0.33026221014962,2.008290284553805
-0.06738616491132243,0.3589813013445431,-7.062930213209508,-35.382037230958865
0.10194405167077511,0.22145377509379505,5.135952756057273,25.78170783195714
-0.39398599523166367,0.9048494925448655,2.6691199709330666,12.951613859433671
-0.7629766346950989,0.9064800882878289,-3.5570233044582076,-18.548093156986138
0.24582882916615653,0.5679812495198544,-2.5996286232421832,-12.75231428704476
-0.714272689939087,0.29440059573645916,-13.982696829935838,-70.62775683961829
-1.2581847756593911,0.09760400187836882,-14.565971001251459,-74.08803978191668
-0.36088100855363575,0.26889295152153025,-5.598960439555498,-28.355683206331125
0.978693944708469,0.42986623324818085,12.438366787242922,63.170527880923075
0.24196546386832757,0.8481394122231569,8.453234950440898,42.50814021607282
-0.17299707035502515,0.33858794161607175,-8.13792230141734,-40.862608577441726
-0.29949867334792724,0.5272996843486467,-6.3146575418928705,-31.87278638281228
-0.4151601968721277,0.14881414227064038,-19.156748514446484,-96.19890276910455
-0.31665325504961356,0.6704254792418048,-7.810752834524311,-39.37041742767117
-0.17963331437311086,0.5537164682260022,3.4919792388670694,17.280262879962237
1.4131989969753596,0.57434419547493,5.766779031167912,30.247094152814924
0.012806876039802729,0.44904788945752727,1.2030029244578833,6.027821498329219
-0.6756523571454074,0.43536876535962643,-5.163793559113803,-26.494620152714422
0.9733544193537333,0.5184950412501375,-19.99980574238965,-99.02567429259452
1.4699899304918342,0.41197548807653483,18.638824528997304,94.66411257547836
0.9527154590462498,0.8978951849710559,12.075841254847559,61.33192173328405
-0.45341699056112844,0.7769618940820577,-18.501667024168125,-92.96175211140175
0.4763722409056301,0.7135035901403545,-3.898558742816203,-19.016421473175388
1.094776920462199,0.6056123101712807,3.4148549586898196,18.169051713911298
0.3975704036252926,0.5629116345685607,6.240338064646976,31.599260726860173
0.14384009880133017,0.306230977034501,-1.0172274901067508,-4.9422973517324245
2.3428705825241525,0.1335162075336236,3.170749540548613,18.196618285267217
-0.3935518468628208,0.7767724726092344,-10.348882310964216,-52.1379634016839
-0.18064812581956388,0.2513460767152681,-14.265488233647309,-71.5080892940561
1.0852897801698516,0.14352130499312366,9.201034490411697,47.09046223222834
-0.45759976253271145,0.2101685105391079,18.97994085085931,94.44210449176384
0.35631492911750895,0.186748833461176,1.998532194598719,10.348975902111103
-0.3519218045508179,0.08262773385745237,4.728651654989466,23.291336470396516
0.9115143212692581,0.6340081974646887,-5.09578839998495,-24.56742767865549
-0.8253175549548053,0.6946730667242375,-10.307777312337173,-52.36420411664067
0.29193538148484366,0.6753075974101457,-1.3983447471852442,-6.699788354441377
-0.4708548022756173,0.5012266343739579,-7.360881275967509,-37.27526118211316
-0.8072556173033683,0.566672436796863,-12.579112306455242,-63.70281714957958
-0.20037357744830075,0.5593320213155871,4.053291187023104,20.066082357667224
1.2180861263219316,0.7089134238892725,4.52219280672199,23.82905015993188
-1.385676282494797,0.47240955185757016,6.4957043946175155,31.092845690592785
1.730289076219152,0.9047576768155678,4.592460260323945,24.692590377838876
-1.2472263851730996,0.8024619816376115,-7.229056077819695,-37.392506774271574
0.835054384116268,0.31689325553985326,8.462495520589915,43.14753198706584
-1.1313716992121376,0.6831522961086985,-22.365795550393493,-112.96034945117961
-0.14171422004440068,0.5425602620586445,-8.698218155646797,-43.63280499827839
0.7299726157828301,0.044473183011228934,11.275428526418,57.10711524787283
0.6355526593347786,0.36678438390370793,-4.062695173860098,-19.677923209965712
-0.30988225227528343,0.5262568951444092,-3.3997041699397403,-17.308403101973983
-0.4658413731129797,0.8421336283687934,-0.9298984595257895,-5.1153336707419275
-0.8809077793468215,0.7472638220353764,-15.874099261291652,-80.25140408580509
-0.9766070507429664,0.2661951179264811,-5.4951083569887,-28.45214883568647
0.013002825717979631,0.658036607704361,-1.9986791221782048,-9.980392785173045
-0.14079224565514076,0.7735407492651353,0.1688178711618582,0.7032971101541503
-0.3640942420634293,0.5106315754420766,-5.0286414930554955,-25.507301707340908
-0.17075928434882556,0.5325833127232741,7.39501827759826,36.80433210364247
-0.6660698051303748,0.23245813840664287,-9.523075599373069,-48.281447801995725
-0.5688799784045107,0.4746928845539714,-2.257355983937348,-11.85565989809125
-0.06666208902311399,0.0012993894894952618,-7.629541051366113,-38.214367345853674
-0.6791440747935853,0.24640456629313645,-4.522647207343022,-23.29238011150869
1.4042936853792642,0.8572403710309131,8.479118876024142,43.79988806549998
2.091353902729956,0.9652972299437161,5.42996108781877,29.241159341823803
0.6180099796552055,0.3766243448647949,-3.9390610586577446,-19.077295313633517
-1.1851201820768051,0.4250754640798161,-6.724670502467399,-34.8084726944138
-2.2284017083337897,0.20047368682245115,-18.86753710874505,-96.56608725205905
-0.7130878286200166,0.9840704455467135,16.06163685615777,79.59509645216883
-0.608099884331997,0.4995248780664484,0.19895166258261376,0.3866584285810718
-0.19203709773022967,0.5378960429856213,-5.7645649092084055,-29.014861643772257
-0.64176855515118,0.2071363228391676,-10.406509964212574,-52.67431837621405
0.6664623028335533,0.25022857900648166,6.4807763341633144,33.070343973650125
0.3755958700341,0.7050001177520024,-3.045973174930403,-14.854270004617915
1.2584497330190803,0.4052712444592945,-8.494480195189967,-41.213951242930754
-0.2254535939539091,0.06281268158499109,-3.12048894068546,-15.82789829738121
1.337636725052027,0.11587406098356112,-2.1082358736263105,-9.203542643079524
0.8346778413136517,0.1077936963224978,3.125018036698454,16.45976802480592
0.21892208837929764,0.680154101375852,15.172407768631896,76.08096093153878
1.0207981212607677,0.5361883571118263,-4.883552602818233,-23.396964892830397
0.7440588794689281,0.1937079876177441,-2.848116152463999,-13.496521882851065
1.3387388055502485,0.4497362571974338,18.157287364172795,92.12517562641422
-0.22600638999101733,0.7229744263622141,-7.037559822750196,-35.413805503742
0.4444857791287627,0.01430723573390369,-5.771754092638767,-28.414284684065073
-1.6400073097378556,0.12121618607029672,-5.560431292564401,-29.44216377255986
1.0623051661232028,0.41846950942358374,10.560915942669762,53.86688487947202
0.36846123663627245,0.6597691431496191,-2.544719748717924,-12.355137506953346
0.6802734433391692,0.9219852707619605,14.078798856294954,71.07426772481395
-0.16432695577494616,0.3867291827555387,16.655502117050602,83.11318362947807
-0.8621916748388984,0.6963341772420539,-8.68982753058443,-44.31132932776105
1.550112398535317,0.2995534708460307,17.21329038887598,87.61656434291521
-1.506659686099043,0.19977332238496814,0.055218455520507526,-1.2305674084965055
-0.20634120465429862,0.0707242743455907,1.8774811412325314,9.181064501508358
0.21369372787838817,0.4490101356276336,1.87837893780125,9.605588416884638
0.0680643662887346,0.7807369432486818,15.771073323237465,78.92343098247606
-0.14964163183313825,0.7102020973505263,-2.1258242031345853,-10.778762647506063
0.6776942351265013,0.37828308518462905,0.18610537444384834,1.6082211073457429
1.007398241352327,0.10155027033987218,-11.029682131247128,-54.14101241488331
-2.0067073761638214,0.9630321177211628,-14.628220876438252,-75.14781175835508
0.24712355879010733,0.48967056239074536,12.242414138295388,61.459194250267046
0.5014776509898491,0.616042176139027,5.359235229562665,27.29765379880317
-0.6141541342984074,0.20495285883499714,-7.428499904429156,-37.75665365644419
1.4855637289169752,0.0004859521502621478,7.518658910038153,39.078858279107735
0.35646680379029483,0.8395421647888069,-4.760289927128252,-23.444982831850965
0.1566604239073219,0.02874314221916574,22.377655024496285,112.04493554638874
-0.6339890398881655,0.7709314968166564,-4.114267163041152,-21.205324855093927
0.9722769664576498,0.8959608736753178,4.850615260375823,25.22535326833676
0.506894001452008,0.821577943783228,6.390841500982514,32.46110150636458
-1.6596643669004127,0.7430725864587486,-5.754322367649198,-30.431276205146403
1.094463063120159,0.9175064136308796,-15.273796651885128,-75.27452019630549
-0.4654528549347447,0.42836125017538296,-3.7061445733590554,-18.996175721730022
-0.3447084615407066,0.6092252435936322,2.2597564109886523,10.954073593402555
-0.4477992644831594,0.7644349850346304,9.48490593071177,46.97673038907569
1.5361711039240324,0.07017048143630022,4.91108927268421,26.09161746734508
-0.5717483674832058,0.9387574631732861,-2.7532191359781866,-14.337844047374139
-0.46270310426507555,0.11271045208915431,3.6391826519693127,17.73321015558149
-1.9444921273223055,0.05739280059288798,0.6019840341594698,1.0654280434750434
-0.2755732864508128,0.011383595855604334,10.28072340006177,51.12804371385804
-1.466537246413274,0.2753143773315403,-6.621296654729245,-34.5730205200595
-0.7500100243969718,0.7519771990906607,-14.331045600100001,-72.40523802489697
0.13321878373756676,0.38611665573068654,6.092765619263581,30.597046880055473
0.24813342622944304,0.8296725084739687,2.860940202146665,14.552834436962769
0.14610144702921812,0.4106014118446699,-4.290451152726069,-21.30615431660113
-0.38425430980639513,0.463466796399708,-3.5300585015110877,-18.034546817361832
-1.6388138465337234,0.4931168009924827,-13.063810851272335,-66.95786810289539
1.0582185557225785,0.5911368466667367,2.377931804592943,12.947877578687295
-1.3881204251905974,0.23205222055375085,-9.775816160412228,-50.26720122725174
0.735544463656215,0.550249187309496,-2.9441856887978544,-13.985383980333058
1.435063617804924,0.7960523930652915,-3.346208868403802,-15.295980724214086
0.008477753053466265,0.8435007924240286,-0.8598319731818524,-4.290682112855796
1.7840031704794728,0.35744094416821004,11.334106567670721,58.45453600883308
-0.03044306797344876,0.5553060897676612,-12.870635261214119,-64.38361937404405
1.1676443772913325,0.8428332371813347,15.692324186898848,79.62926531178557
2.339520971682212,0.7785850342834891,18.87589884421824,96.71901519277341
1.2163013143727943,0.00010761957260230215,8.954389068705334,45.98824665789946
0.05242768414279191,0.028260241798308328,6.124850011102576,30.676677739655673
1.0532268987500473,0.27215857593866766,3.8910798417746744,20.50862610762342
1.2802527094413605,0.2727953884962454,12.429972522603236,63.430115322457546
-0.15102836125529367,0.33094105730983114,-25.30777033075902,-126.68988001505039
0.770938195120414,0.8354713270143237,-1.8865364043735369,-8.661743826747271
-0.024105299670511626,0.4537865252700274,-10.399865959635871,-52.02343509784987
1.3725073401913117,0.6066400974587,13.49735301053148,68.85927239284871
0.1326667196595543,0.1643516204825104,-4.577702284318647,-22.755844701933682
-0.08904735604887469,0.8932867609985082,-10.754167076950898,-53.859882740803364
1.3875334195002549,0.8936349082706783,8.46343989306415,43.704732884821006
-0.4499731067186433,0.6587565165007135,-3.9218228286075156,-20.059087249756224
-0.6377962018314154,0.9341434350356032,-3.724957279625828,-19.262582599960552
-0.6489811336083069,0.2842757481521987,5.058459493748591,24.643316335134653
1.9962106224126355,0.35936910512085873,17.932289189996077,91.65765657239302
1.2131238070556387,0.5011979559250027,12.630785781037257,64.36705271224193
-0.7259385868650527,0.520349162424751,6.377379282053609,31.160957823402995
-0.2438474628876076,0.9518279109228889,8.287344159897476,41.19287333659977
0.6935747327703353,0.7732925814401534,9.000702347634359,45.69708647094213
-1.4452367916647328,0.7422033724547242,-10.48478526370652,-53.869163110197334
-1.6236316243893074,0.906449433866915,-0.8884048571930805,-6.06565591035471
0.3528062133398958,0.21610018408520926,-4.857265492467228,-23.933521248996243
-2.18687271818348,0.3485145194589494,5.159196405352155,23.609109308577295
1.1510378375214054,0.4798643471621511,4.778180014446203,25.04193790975242
-0.9006129885550535,0.0020763864520463304,9.10675826065453,44.6331783147176
-0.957071793387785,0.8579503508381076,-16.163561067105505,-81.7748771289153
-0.37586886162606753,0.7015947078136935,3.6528218579669955,17.88824042820891
-1.52225026363671,0.3005687503969823,-15.144153291793574,-77.24301672260458
0.2627858229122261,0.6989981783314226,-6.8450798800137775,-33.96261357715666
0.20634219614724753,0.5030664826749355,-1.0209613677223632,-4.898464642464569
-0.29464318139801093,0.08804620498378146,-10.252590659257802,-51.55759647768702
1.1238827914293534,0.26168091691642825,10.344789862585595,52.84783210435732
-0.38072257536194976,0.8808805357417376,-14.997949835960135,-75.37047175516261
-0.742870661351393,0.31938567860791955,3.7514883824087977,18.014571250692594
-1.7665851943779625,0.3162374684384498,-16.14818038541865,-82.50748712147123
-0.29627706236425594,0.20580062508079444,6.1156087530248024,30.281766702759754
-0.15442144735013408,0.08580098854685081,10.954560727877848,54.61838219203911
0.12690231847446026,0.7946197715083668,-9.13124495839445,-45.52932247349779
0.7828934051437847,0.42567746246570426,7.015220968017729,35.85899824523243
0.8520505417767423,0.7360845579117845,-0.4451929315674654,-1.3739141160605848
0.8840762404691622,0.40538284444759043,-17.170678543040484,-84.96931647473326
-0.9115019694548765,0.5816536441035701,-10.94664954665469,-55.644749702728326
0.4846841116496044,0.5779632302299875,-4.305466660155144,-21.042649189126116
2.3962079650730077,0.3213364555400924,9.248585051521918,48.639133222682595
-0.5307213978364205,0.5093255427790262,17.58744174943619,87.40648734934454
0.2797328732064109,0.11090892067217606,0.8515927184080944,4.537696465246883
-0.41249837166845715,0.7150121898615168,-4.899664992507436,-24.910823334205638
0.7058941991157854,0.14466647749812278,1.0928895855563479,6.170342126897525
0.5621890649599496,0.9830499582141955,1.5321837655632036,8.223107892775968
-0.11424127228147894,0.7344824446030204,-13.334670002303422,-66.78759128379859
0.5285936474420362,0.7840433413380203,-4.691239769413186,-22.927605199623894
0.32475902606592333,0.291587806913851,-7.500284909585842,-37.176665521863285
-0.9876229303855855,0.14603749293751278,-5.750418197753407,-29.73971391915262
0.4162232675565521,0.2873201380464906,10.828853559789845,54.56049106650578
0.8620009836827908,0.798257407267052,18.33048476449156,92.51442480614058
1.949676331390314,0.12159577056535598,5.733774312647462,30.618547894627625
-0.938458090150236,0.7062502681231794,-6.369534736212101,-32.78613177121074
0.2546498838466243,0.7540234144176566,-17.07898063970819,-85.14025331469432
0.8751328384969234,0.18491474438882383,12.926074663830738,65.50550615765061
0.7426254810702403,0.5061318468375717,0.8306546778262445,4.895898870201462
0.22655398414505584,0.2676043325333316,5.950706083300108,29.980084400645598
1.52902651558422,0.33703358196405697,6.458415842774273,33.82110572945559
-2.362427253012906,0.8304865997781871,-9.7792152661506,-51.25850358376591
-0.8035021794967951,0.5828569839190011,-8.213328486852674,-41.87014461376017
0.207012490299835,0.2727304833468036,8.64748042590222,43.44441461981093
0.3022015177979824,0.6065824243435962,10.072717455648933,50.66578879604265
-0.8214647630042292,0.0308387026336846,7.487472879462104,36.615899634306295
0.5509893081821562,0.3768140006489278,-25.879587985596338,-128.84695061979954
-2.049586830119069,0.8458759350758067,-13.737288564066471,-70.73602965045143
-0.09095043874421352,0.38854226468025044,-12.091805175456344,-60.54997631602593
-0.7179663995549352,0.1272850990187786,9.849832206813808,48.53119463451411
0.7916794547695581,0.8754801046400335,-3.8187173435793293,-18.301907263127088
0.5970004006208376,0.9777055728590515,11.246979159638709,56.831896198814384
-1.2182788980819514,0.8579800259391812,-8.881943812251622,-45.62799795934006
0.02199973460753949,0.5740415087600304,-1.5319456749675422,-7.637728640230171
-0.5597313888699201,0.6614218298919344,-15.27737048618134,-76.94658381977662
0.15330360610911303,0.4606103310691301,-2.577812915413937,-12.735760970960571
1.5280112699089559,0.15087815453682996,7.853993824957798,40.79798039469795
-1.3690693472651763,0.780307932390405,8.105461853214887,39.158239918809265
-1.4893173790388117,0.26560107463338534,-9.787064162152774,-50.42463818980268
1.020197319380318,0.41090542665989627,-0.8446832375561852,-3.203218868400608
0.13516495115939528,0.7535247139583273,6.850028572649994,34.385307814409366
0.23058701390909306,0.6622282734008316,0.8838086324540846,4.6496301761795165
-0.3109267095375818,0.7507851827721089,5.388030679630683,26.62922668861583
-2.4392946835000293,0.34756019476039346,-8.780647902658316,-46.34253419679161
-0.06065874954016308,0.41969526243124455,-4.740292526396572,-23.762121381523023
0.5383765135274512,0.2494486319908742,7.5264039130034135,38.17039607854452
1.320529555616394,0.1514469531673991,0.33575368918944104,2.9992980015635995
-1.7815204551260866,0.09140073615635025,-8.869738312770796,-46.13021201898006
-1.2439684715248605,0.2550894398861622,-2.712747906868968,-14.807708005869701
-0.7639929598764024,0.1559130527681133,5.58271079920347,27.149561036140945
-1.5421536488117724,0.4841890382130337,-29.363909962059736,-148.36170345911043
-1.26824597311024,0.1117575547718106,-20.90767436225645,-105.80661778439249
0.10110466455426445,0.7162144154296186,-5.660812002231813,-28.202955346604803
0.9658115165967874,0.25378451695344173,-1.053948191301143,-4.303929439908928
1.188085345693317,0.2994057105097767,-3.2412808651402836,-15.0183189800081
-1.7052237017698515,0.6154349639389335,-22.8273244800367,-115.84184610195337
0.37317554832154487,0.47207554317862177,25.619759303856302,128.47197206760305
-0.8030755953855748,0.12835670316834324,-0.17399309212246727,-1.6730410559979112
-0.7591805456854833,0.7619719243205159,-16.00386473604529,-80.77850422591193
-1.1131634506963162,0.704953127131756,15.273958242025916,75.25662775943326
-1.1708021986537522,0.6266442385969972,-17.37541335603083,-88.0478689788079
-0.3153570816539678,0.8691925475414887,-7.010678906081198,-35.36875161205996
1.432042507825506,0.9138059162294738,-14.026451508985177,-68.70021503710039
-0.6882342250265339,0.9065436408687167,1.748347301480817,8.05350228237755
2.2728604474286875,0.6670976272403613,16.43292854264125,84.43750316063493
-2.1957962173991947,0.4088367443344497,-3.223968965075086,-18.315641042774626
1.6864425150528994,0.421018702987789,3.6550523033708195,19.961704031906997
-0.34773976704211307,0.5059304360005945,2.4674786396032613,11.989653430974194
0.12639658454796573,0.6975858081649661,20.22765631257407,101.26467814741831
-0.5153057121447477,0.43183328181495073,-1.6993726314661315,-9.012168869475406
-1.2609250102009073,0.35221329067518836,-13.879801201538763,-70.65993101789472
1.2850074070517223,0.9078124741695289,20.04910470605012,101.53053093730232
-1.9652981052482381,0.39691173527952395,1.5754532903832246,5.9119683466678845
0.5855191213185091,0.8725412533669559,3.900491087594076,20.087974559288888
-1.4649322714925088,0.76827050847816,1.248286687714172,4.776501167078352
-1.165732394719573,0.1538746974669658,-22.81736688053388,-115.25256679738897
0.3810483801645791,0.4930951720047818,0.7378023797189597,4.070060278759377
2.784493693650578,0.9556082903327868,16.36503871837177,84.60968728550944
0.8330190482041512,0.24207176695568156,-4.6152331370793505,-22.243146637192602
-0.12896749899818616,0.28224234304359286,-15.01220580568406,-75.18999652741849
-1.3742565265246027,0.7270798680239816,-23.0903115636397,-116.8258143447231
-0.2978987841335039,0.3126946642488967,-25.16274063497257,-126.11160195899637
-0.2977240554129176,0.5232831123518737,12.541087325500364,62.4077125720889
-0.3461885154635946,0.7023604800238998,9.123688575942351,45.27225436424816
-0.45614279152700304,0.0941689574891249,-2.065264881761117,-10.782467200332588
-0.18507568807675137,0.2478590802320162,-4.896494989166733,-24.667550633910416
0.05876002372183564,0.7537435939549475,4.672123686546512,23.419378456454396
0.4911529574573387,0.0857932539434284,6.9323613990227315,35.152959952570995
-1.081266928539977,0.043294389528831356,-3.522678851148255,-18.694661184281255
-1.006498833228972,0.5230564179005806,4.7150835191785365,22.56891876266371
0.6161243034986409,0.2537411286096002,-1.0985234769194498,-4.876493081098609
0.019958039518499924,0.9819846423805844,1.2979210677953665,6.509563378495332
-0.965593043235303,0.6010725870491924,-5.430853916443133,-28.119862625450967
1.4795920669306595,0.7128365652535592,7.0529882517876406,36.74453332586886
-1.1873249281743403,0.09367082995045706,10.95283239179518,53.57683703080156
1.2272345693189441,0.7355635281060202,5.787071577496249,30.16259245680019
-1.7483975359018629,0.25217586028311334,-11.741731968509407,-60.4570573784489
-0.11949253181056659,0.2927435967258293,3.9022537620516555,19.39177627844771
-0.5184139206390049,0.6748539870223774,3.506274694244324,17.012959550582615
0.2700890198045133,0.6030732098517184,-0.2968043244445224,-1.2139326024180987
0.17684253652668905,0.6122681570634754,-3.0103996722015176,-14.875155824480899
-0.48613523152946125,0.9473225447794614,-10.73583486215161,-54.1653095422875
1.039654379214463,0.26673044643206467,8.467672151380656,43.37801513611774
-1.6029261317441625,0.6001933434084487,-15.185230539158779,-77.52907882753806
-1.0188170791888962,0.4021409597414677,8.127115690345104,39.61676137253662
1.3469503876689497,0.6164898230933111,13.731945760952419,70.00667919243105
1.2280327899819543,0.4845399733513709,13.686369472168348,69.6598801508237
-0.4078656766341879,0.10465786504405594,5.241566473792044,25.799966692326034
0.014971814538749255,0.4469507147232795,5.976476614434763,29.897354886712566
0.09092756805220345,0.4581988899911358,3.728534374099577,18.73359943855009
1.9498238409249442,0.03079008164880448,20.04234474825361,102.161547582193
-1.1256433295968609,0.6962248339300298,-6.089218448376584,-31.57173557147978
-0.40377730864052325,0.825427434923725,-9.659687587329586,-48.70221524528845
-1.4528073085483946,0.21391618214403207,-12.844856959363986,-65.67709210536833
-0.3808267704178728,0.7634763068108203,-8.743778353624487,-44.09971853854031
0.35874800101677323,0.5143143500153696,6.691212070568147,33.81480835385751
0.002948889964706853,0.16656205903797916,-4.2418281086295,-21.206191653182792
1.304860128795614,0.18371069229678516,13.543512616299125,69.02242321029124
0.0609483552202629,0.510642202933334,-0.5125071951037148,-2.501587620298311
-0.6184360232698224,0.4292993270693787,-4.9446355784652045,-25.341613915595843
-0.40295627712609217,0.8273860118984666,15.178370444769424,75.48889594672103
-2.0567065005112752,0.9735602854658264,-8.472695747534399,-44.42018523818327
1.0948322716358374,0.3494545826543761,10.075625790561912,51.4729612244454
-0.07188035578840117,0.31477575469127095,5.623733381425183,28.04678655133751
0.509378716692066,0.874509152929958,-21.524122130356986,-107.11123193509286
2.3774425045640064,0.22573417127055295,20.030657582537017,102.53073041724909
1.9873682070391516,0.18145315915376914,24.786945824719368,125.92209733063599
-0.746030371554419,0.04256120518918016,-11.894004655262,-60.21605364786442
-0.1404759818144084,0.7885457520014224,-8.558821996100923,-42.93458596231903
-0.2981440966511844,0.1360506989731104,-6.382113327887221,-32.20871073608729
-0.36401525699001513,0.5818509369870527,-12.400494076343385,-62.36648563870694
-0.14234544631880675,0.26733472022561566,17.20308649564166,85.87308703188948
-1.1058703648551313,0.4871659287119461,-11.848207789089813,-60.34690931030419
1.9060472194003124,0.8688027864696445,4.762208067497763,25.71708755688913
0.6217727544607738,0.935211613604356,4.752605259573589,24.38479905232872
-0.12426904526035079,0.01982774489546446,-7.11578400784234,-35.703189084472044
0.18477116294576496,0.29246217632003924,-8.157883493913676,-40.60464630662261
0.21413065021941632,0.662620921547592,-19.395918490614143,-96.7654618028513
-0.4104912213776255,0.32251991615417896,8.009558946261645,39.637303509930604
-0.3406524611644399,0.0853521587375744,-4.385658282028151,-22.268943871305197
-0.46520690860234776,0.27247040316088056,-3.5010816837024183,-17.970615327114437
0.17368456935071266,0.049417221891561613,0.2962770455469237,1.6550697970853312
-0.952965336110709,0.3002720072701457,-4.833434562567162,-25.12013814894652
-0.8568683318174077,0.24415895862136805,-4.4187667274870694,-22.950701969252755
0.6922812359952495,0.2982715819577063,-3.4531765915879795,-16.573601721944648
-1.1148622541655622,0.08541415395071628,6.146240538991985,29.616340440794364
1.794995228730515,0.640289489670356,12.093174183161203,62.26086614453653
0.07443819749874173,0.4153760153394146,4.006991172259615,20.109394058796816
1.8091384358204945,0.879983482223533,0.5808335820726658,4.713306346183823
-0.6255940322915601,0.5073163670985958,-12.54015458884076,-63.326366976495365
-2.862858232722223,0.03809554495725265,-18.076918492359088,-93.24745069451765
-0.09302078147810786,0.8331482108985594,19.712811266147416,98.47103554925897
1.429539498705984,0.4244706447893575,-11.1560439146928,-54.35068007475802
-1.5598406242798863,0.9381372200214968,-9.397337625612932,-48.54652875234455
0.6748214523201661,0.22924297182488262,13.292016966605654,67.13490628534844
-1.3643667432040893,0.627942114858182,-1.4277562948913323,-8.503148217660751
-1.0621404692018894,0.27903307354706053,-12.075607773043341,-61.4401793344186
0.7837029985409609,0.3830956717555505,19.111719256592835,96.34229928150513
-0.556085218032534,0.3836634353232239,-9.798588374891033,-49.5490270924877
-1.579984205608328,0.9637925843116878,-16.169543148852178,-82.42769994986921
-0.20383305673575458,0.25196418205105064,-11.120780591412846,-55.80773601379998
-0.43606821656934475,0.29654947231386286,-16.91629854990874,-85.01756096611302
-1.4113095585788218,0.605943236104784,-0.44839868431961794,-3.6533029801769112
-0.2659060216203948,0.5191155755854268,-1.2958473210833894,-6.745142627037342
-1.6853418781252314,0.5218833792490087,-13.528415168722798,-69.32741772173922
1.1469299791176173,0.8588717431753233,-6.247676824247552,-30.091454142120142
-0.43901366191014896,0.9649833308779179,-5.1059584163326495,-25.968805743573395
0.3751124287072112,0.3775561982868516,7.194386515040337,36.347045003908896
-2.955815670910888,0.7903454677380023,-19.341058692325486,-99.66110913253833
0.252786748423074,0.9461326016035774,13.460492719251047,67.55525034467831
-0.2954881818215237,0.4285956902399777,1.5482858538002877,7.445941087179914
-0.5571088543310762,0.5951775030264147,3.2483186019923886,15.684484155630866
0.639002156393284,0.7703851290486665,9.263532734206688,46.956665827426725
1.4241835023863625,0.03427027779594549,-18.459640847135596,-90.87402073329163
1.2079684062412057,0.11427700139117503,13.658293789422096,69.49943735335168
0.6882321381109497,0.38052549285638704,11.903063729950802,60.203550787864955
-1.0622798432663798,0.20001455968745796,-8.697627361617243,-44.5504166513526
-0.026191485230080355,0.5392246077505427,-2.8415086763694326,-14.233734867077244
0.5405282295114552,0.6779406305208898,10.17119575372064,51.39650699811465
1.6954959495039914,0.872254686679036,1.383190051209529,8.611446205551637
-0.8647565517041329,0.28395368666306187,-1.8844609284646259,-10.287061194027263
-0.6393732566453185,0.7628962540212847,-2.127092193548002,-11.274834224385328
0.5322038898226089,0.47273070170998377,-14.436454530234887,-71.65006876135182
0.8043113803554508,0.7859947713836588,14.264843250993692,72.12852763532392
0.14389555063660825,0.5907468998443585,10.463750545702643,52.462648279149825
0.4438724654305753,0.3083597372571688,6.056827594986661,30.72801044036388
0.9439772000101324,0.26235237955385415,12.249964027965452,62.193797339837396
2.437832012801678,0.13021718806781313,14.641238739345473,75.64402570952905
-0.9117104624096772,0.7071135398918456,-17.627581806102203,-89.04961949292068
-0.1506816558099483,0.7804620834180652,-4.7650031705688916,-23.975697508654406
-2.3616266407130424,0.14908099912592965,-17.114482406466976,-87.93403867304792
0.08320881446696492,0.46663904914166965,1.051573507641955,5.3410763526767395
0.20453194719724074,0.17036562783525544,7.984795693863036,40.12851041651242
-0.8770739343426571,0.18175035746882162,3.2622538897208857,15.43419551426177
0.12864158433005443,0.6825301386090947,-19.887516887944237,-99.30894285539112
0.6576010816045655,0.6809095802768642,14.780268083582362,74.55894149951638
1.7812448138069865,0.07037885500424457,-3.921199047643105,-17.824750424408542
-1.1862296796747527,0.3944017069438742,-16.21572958547591,-82.2648776070543
0.4004250239462128,0.5147617563896046,-1.7010609857034824,-8.104879904571199
-1.117518748031061,0.9788194786687694,-10.867450955258638,-55.45477352432425
0.051162387165930516,0.1003214760409269,4.8284754333314295,24.19353955382308
-0.6505448034589851,0.7121024768819237,9.00173526354658,44.358131514273914
-0.7292188846988035,0.030463711775779778,-11.924214699960991,-60.35029238450376
1.6437168017737724,0.31710782395155745,7.727598566061169,40.28170963207962
0.15704711701892218,0.19152941021096648,0.9472717870848374,4.893406052443109
-2.7959475999995083,0.3986870849553362,-13.588992708247144,-70.74091114123523
2.418125991506428,0.45024957284699885,22.300419966270056,113.92022582285671
-0.2571289594019573,0.8033160576157092,-4.167846346259596,-21.096360690699935
0.5588037758312778,0.9142691092435644,10.523634973298872,53.176978642325636
-0.8171233576104423,0.505366976119823,5.696390696204494,27.66483012341203
2.696202170864507,0.12342902976478076,29.233997189166097,148.86618811669499
0.8563884542913497,0.308391219206826,14.615742966911302,73.93510328884786
-0.5299997398151832,0.9336953640045894,2.8262736721263053,13.601368620816343
-0.8848200059738409,0.9158119847227892,-5.504747135640377,-28.408555684175727
-2.733062144611758,0.9624055766568499,1.0637947006089625,2.5859113584330546
0.6069279948743931,0.6809139707463857,-1.4263486819649769,-6.524815414950491
0.15261442766621744,0.21674516201061256,-3.825806362929373,-18.976417386980646
-0.49621020358557527,0.4502408733595008,-11.178328843266312,-56.38785441991714
-2.4203200534111797,0.2230501262791854,-12.209753650463137,-63.46908830572686
1.1501075799776446,0.26803168182224346,3.0527583581059092,16.41389937050719
0.5514075667524759,0.7037849234302056,6.11434357076531,31.12312542057903
-1.3174345662616846,0.31577237589175544,-9.663893698953018,-49.63690306102677
-0.18901544065480308,0.5018490749752494,-1.0404277870810963,-5.3911543760602845
-0.1322139907436999,0.4443707348730115,-4.851345663596518,-24.388942308726293
-0.6546407466715709,0.3652310815741465,0.06305565398422486,-0.3393624767504466
-0.9521953057808267,0.226380895898312,9.782606849788312,47.96083894316073
1.278366550987849,0.5938753605918158,8.706283459560074,44.80978384878822
-1.7802288107671913,0.8973367740577689,-12.221649432605254,-62.88847597379346
-0.6118160680798497,0.8628974560829745,4.294662109556437,20.861494479702333
0.41103340646002295,0.16967595182744,-1.2468058418711885,-5.822995802895919
-0.24200213025216646,0.7038969045836454,-8.479373530746878,-42.63886978398656
0.23762983787078112,0.7882293669644808,-10.795323934483202,-53.73898983454522
-0.22553987131278,0.14512622250500173,-11.564243554119129,-58.04675764190843
0.8452314046820636,0.3464124829047234,5.614203347247546,28.916248140919794
-0.06552058613582223,0.7138277100456696,-8.12185085960673,-40.67477488416947
0.47414589167481214,0.618790449564114,-6.836380831964444,-33.707758268147415
0.580486425309889,0.29268338929589943,-3.8788491936084157,-18.81375954273219
0.6554599099140422,0.14842878788616953,17.020264831169044,85.75678406575926
0.5552435041740003,0.7196940410221514,0.6793838350238834,3.9521626792934175
0.8226951310879838,0.9835729050155143,6.832580168339732,34.98559597278664
-1.2509511131289404,0.9880925745373285,0.4472544436875783,0.985321105308951
-0.015052400263786658,0.7354310419354638,-1.0951905405955058,-5.491005103241315
0.6720122176925236,0.1599264029521268,-26.287955391234572,-130.76776473848034
0.2320857114742581,0.6961955448755958,16.85452238783346,84.50469765064155
-0.37946070304838486,0.7012244523388121,1.3180949281560101,6.211013937731666
0.9879067577462373,0.6457674271014574,12.076960512811803,61.37270932180525
0.0802436730733592,0.8782696156389704,-1.080430027670581,-5.321906465279546
0.8558582605809161,0.5633261564684445,-6.385671980195518,-31.072501640396673
0.6181375636541819,0.7046727718928191,-2.652156160645946,-12.642643239575548
-0.42591676386680494,0.3521133326096585,-0.18371241554759266,-1.3444788416047682
-0.06623622103674524,0.19259557485739498,-11.462709956649842,-57.37978600428596
-0.9963528287312967,0.017113610255260703,-8.287919748056263,-42.43595156901261
1.3965563463880113,0.5379853874365894,20.79137531138866,105.35343290333131
0.6182615739165057,0.8230144763969987,-8.174996775716199,-40.256722304664486
0.8149848850242472,0.44583601556989727,1.0313722564105712,5.9718461670771035
-0.8485265353953744,0.7690559373248879,-9.95851348936937,-50.64109398224222
1.0291516574139634,0.9582339571663274,-18.270158192686456,-90.32163930601831
-0.07184067200282111,0.714866173528404,-9.766156878216805,-48.902625063086845
-0.5633762472754276,0.07916937797390422,-11.476968266144507,-57.948217577997966
-0.44219239049920256,0.6968305229116243,1.0887742612828095,5.001678915914845
-0.43095616184292856,0.15338724591271757,-0.6174453186832753,-3.5181827552593052
1.354154318320324,0.5727447147513285,18.509949032001046,93.90389947832556
-0.36425157996689395,0.1329555400291743,1.5496237470249645,7.38386715515793
1.7466034281549028,0.17624483140333902,-9.655441673015915,-46.53060493692467
0.6016278991112978,0.628221225487766,-1.6107556938427559,-7.45215057010248
-0.27466484708811567,0.6942084969485353,-6.869505142439928,-34.62219055928776
-0.06021285247920187,0.7555436841787643,14.210936191163407,70.99446810333784
-0.9578005405895297,0.10437114926500313,-5.314994174618907,-27.532771413684067
0.46922805231597103,0.4404551342442984,30.487031536447873,152.90438573455535
0.9892141092963387,0.6006492599258506,7.402562693345811,38.0020275760254
-2.0561159862683915,0.05972970222191465,2.17316219476702,8.809694987566708
-0.8725585920154493,0.4838655247306629,0.568915486722827,1.9720188415986857
0.3516355830863971,0.4938632310729908,-2.4875960773445067,-12.086344803636136
0.041538077249974645,0.9245342584208162,12.352809364403704,61.805584899268496
0.010318604060931593,0.9608569837626243,10.146416466776056,50.74240093794122
2.443547575016085,0.18895299009500055,30.64179261118572,155.6525106309447
0.18768684582057088,0.8316820573180603,-6.004847156913728,-29.836548938748066
0.634235619418481,0.9852609604880409,-7.6569574365500035,-37.65055156333153
-0.8957401733674776,0.6126987045992563,-13.424752294805833,-68.01950164739664
1.4095049567412663,0.3172301066720451,8.97863969781298,46.302703445806166
-1.4267181008451544,0.18861503156940607,-3.6284888409756233,-19.56916230572327
0.3383114666077283,0.41117583563149673,10.515010882307564,52.91336587814555
1.269286671253865,0.46734160145864123,15.212926111978422,77.33391723114597
0.19219132508139555,0.8968551567350121,-3.382673906016979,-16.721178205003497
0.6258181332806154,0.9463106683946305,3.4501841291555224,17.876738779058226
-0.37015485033047574,0.4320352828631986,-4.691630093440237,-23.82830531753166
0.779781126036019,0.032426678754900795,-10.203285851919517,-50.236648133561566
-1.3368153798796647,0.2850991516402529,-3.338624933746651,-18.029940048612918
-0.32024837747169416,0.8907275377214563,-5.754325681780863,-29.091876786376005
-0.014353747730157672,0.440453478268644,7.548107641014697,37.72618445734333
0.05217021850645734,0.005732937176890385,3.669465069222464,18.39949556461878
1.0122622295830563,0.8313912625919113,-12.926030259682365,-63.617889068828774
1.5071464503238514,0.8714624503271956,4.009545114573719,21.554872023192445
-0.13977700128463053,0.334623201991297,12.868939883198948,64.20492241471011
0.3252263653649636,0.27294315008206993,-6.6481713102390945,-32.91563018583051
-0.14400725275456477,0.545314336074884,-17.738548001185023,-88.83674725867968
1.5905451597249594,0.8628051322243352,3.6885225388025082,20.033157853737503
-0.079352453757955,0.9734387479546097,-11.599490077126228,-58.076802839389096
-0.31190911008065414,0.7229685078586716,8.966421772310541,44.52019975147205
1.8714694441698523,0.11849771151619959,-0.6838504832606365,-1.54778297213333
-0.16473913559303274,0.7827605089684913,-17.904197479196366,-89.68572653157487
-1.2830941912246256,0.1088481993247159,-15.383771845568466,-78.20195341906695
1.398704325634673,0.6523497938325428,10.985752326588635,56.327465958577854
-2.0235868442792384,0.8801039210202842,-2.5293442795775656,-14.670308242167065
-0.1781952043148316,0.20959363990186963,-3.2194182449906927,-16.275286429268295
-0.5320743626303291,0.5776683236608187,2.974044014693447,14.338145710836907
0.16054280159546855,0.748896232553356,4.918973673218009,24.755411167685512
-0.023345861223311355,0.9610418990296348,-4.411251561129644,-22.079603666871535
-0.259309402395179,0.9755463864931072,16.40747253853591,81.77805329028438
0.4524515484107683,0.544881226619224,3.6272964670320595,18.588933883571066
1.4283297888002369,0.4341680704760549,2.6263557806205293,14.560108691902883
-0.02795767569179843,0.6760981046425447,-9.154067959151403,-45.79829747144882
-0.6793688418237971,0.32715528878682254,-16.58929646357649,-83.62585115970624
1.2582042777770983,0.5624663191172774,-1.7679206251821213,-7.581398848133508
0.05947604315212874,0.012175076443334043,-0.49787844934099285,-2.4299162035528354
-0.7815467780280166,0.5580588457342666,1.378064230952924,6.108774376736604
-0.18862700240343314,0.10232229716115648,5.108958132168906,25.3561636584411
-0.5927253254160246,0.9023284990286335,-9.495761339419573,-48.07153202251389
-0.46016350139196366,0.7753364009227556,-2.945301825969116,-15.186672631237544
1.1872961966305777,0.9800971285696343,6.9790069815076965,36.08233110416906
-0.7559884481597939,0.5896283916071461,-4.722367827870041,-24.36782758751
-0.823606129262685,0.027526686226173158,8.595111120560627,42.151949473540455
1.0657037353491812,0.70459590328158,28.38938656022018,143.0126365364501
0.02755993071748848,0.10039983608780689,4.034857953921557,20.201849700325276
-2.5266339307789023,0.160996116403045,-23.885503911397187,-121.95415348776484
0.4997368802733454,0.10607276728609472,0.05871445532609698,0.7933091569038303
1.255182581796622,0.056703555925981086,2.155079520666167,12.030580185127455
0.5386475419060431,0.3905990987172353,2.528362877120332,13.180461927507702
0.07068665477423362,0.4461611120224689,-8.715237581042386,-43.505501250437696
-0.6547412340731988,0.32213856620648196,-15.95554956063793,-80.43248903726285
0.4575803634843435,0.4573947429532599,19.159966426641247,96.25741249669058
-1.040050263716528,0.476405153224963,-9.10847015484212,-46.582401037927134
0.0358823708999546,0.7806773369199792,-20.155337279237695,-100.74080402528853
0.41474914860262874,0.7926618275389411,15.532450597742168,78.07700213731346
-0.21314050100673176,0.39875820291819386,21.246396899879425,106.0188439983904
-0.002543898495153346,0.9738959453688264,0.7491775095383433,3.7433436491965635
0.4922506617272733,0.9494241712731991,2.3000762307524223,11.992631815489386
-0.3568142545838825,0.7665818846453721,8.277740572627403,41.03188860855313
-2.3554173793537343,0.06733928359299368,-16.921852930623956,-86.96468203247352
-0.8474254776113544,0.06300511728332914,-4.306860091284357,-22.381725934033142
-0.2088999617124209,0.38490595531713423,13.029985204814253,64.94102606235884
0.16611800448645225,0.23322598158217933,8.759205321728299,43.96214461312795
-3.8597194939316566,0.31626818106847276,-32.43005201073344,-166.00997954759887
0.0009918395901649894,0.5673182851434043,2.832289016283686,14.162436921008593
-0.22424722041883197,0.5956009466853467,-4.840684379496206,-24.42766911789986
-0.5561203118160619,0.9825551033385709,-0.3017813066152857,-2.06502684489249
0.9785688020662633,0.5198482535172406,2.8633324812912777,15.295231208522651
-0.6065699552092502,0.24857178033498384,-11.826346514403301,-59.738302527225756
-0.7747002813210818,0.08606850078726314,-8.00372209721878,-40.79331076741499
0.2246814682107572,0.10069300919761615,0.571024508834159,3.0798040123815524
0.4586638964807619,0.36422613069391974,7.688465496787874,38.90099138042013
1.1217476561318949,0.667531903639361,26.56049186110792,133.9242069616715
0.5094518818883519,0.04780816546125499,-9.911652864523617,-49.04881244072973
-1.7919343310869165,0.6362525137588719,-20.38038838950633,-103.69387627861856
0.8081807865245462,0.09510350614594565,12.9091424781291,65.35389317717005
-0.40986051351377834,0.5615799363564051,-7.208025207895865,-36.4499865529931
0.5555665074636368,0.2827570373907712,18.48693679701068,92.99025049251705
-0.05358794365058659,0.4072778741854599,-6.316184703351308,-31.634511460407126
-1.333349710752267,0.9517979694688988,-3.897055834027105,-20.818628880887793
1.618040941838615,0.7236804128390985,7.360053383062865,38.41830785715294
-0.04649923550351285,0.7952721857854707,3.9351310724471116,19.629156126732045
-1.0254060396900164,0.7204568137105279,-9.333499756277675,-47.69290482107839
-0.8818190054460594,0.7001763309754929,7.668570210039867,37.461032044753274
1.3456403034064066,0.9256118267325152,-11.155547434769758,-54.432096870442386
0.2529772863474921,0.6423617154979272,-1.8719299987629565,-9.10667270746729
0.04789761179912784,0.32227886975477205,-2.6670303420589674,-13.28725409849571
-0.5276944529124522,0.7320594927072778,3.284719795171579,15.895904522945443
0.3374135087026977,0.7156657998112701,-9.5791998821042,-47.558585901818304
